Year,R2,MSE,N_Weeks
2017,0.17023929270392313,0.00021869038111172135,2392
2018,0.03003390628466185,0.0005066683381034851,2392
2019,0.12001663386338668,0.00037228334992189875,2392
2020,0.012538968893869074,0.0008273653393642827,2392
2021,0.062426452791680354,0.00031754830860221476,2438
2022,-0.10768182840052432,0.0008865785347683433,2392
2023,0.09953557258728252,0.0004167765532631011,2392
